customer_id,platform,ad_spend,clicks,conversions,impressions
1,Instagram,364.17277130888533,313,15,17923
2,LinkedIn,291.2433648548542,459,48,48591
3,Google,189.28742732884749,463,7,9547
4,Instagram,416.2077588681269,421,21,45283
5,Instagram,358.1290276492457,126,42,34002
6,LinkedIn,123.17762270520109,230,26,15562
7,Google,459.9172330222291,163,44,8480
8,Google,420.14175931542604,162,14,27672
9,Instagram,477.4099609813658,21,37,5213
10,Facebook,376.573778774762,142,21,11293
11,Instagram,326.03683817110544,491,18,35441
12,Instagram,238.2093663307785,313,5,3100
13,Instagram,469.72781750930596,302,3,45617
14,Instagram,439.72875027518376,472,23,29172
15,LinkedIn,70.34840154778523,309,26,21132
16,Google,61.865138523763406,237,37,19199
17,LinkedIn,219.4085150951223,280,24,37609
18,LinkedIn,414.7489988518248,52,49,43965
19,LinkedIn,494.274258191725,441,19,9016
20,Instagram,117.68760099658768,352,25,40779
21,Facebook,317.3588219084608,335,21,38261
22,Google,221.40088548395968,311,12,32881
23,Facebook,486.46147901657145,373,41,18058
24,LinkedIn,428.9535154110689,388,33,25472
25,LinkedIn,427.247917120012,436,4,42346
26,Facebook,260.91192190773666,30,42,35926
27,Facebook,236.66877605194932,416,7,35832
28,Facebook,173.0331823688178,116,22,37021
29,LinkedIn,75.3689734929172,345,33,25087
30,LinkedIn,439.12506931477395,312,17,13828
31,Google,415.8054541085349,126,24,32128
32,Google,499.87295297875875,133,34,2401
33,LinkedIn,498.4865766832574,408,28,20643
34,Facebook,299.9442675211824,290,43,16193
35,Facebook,396.0443368312297,301,41,27853
36,Google,475.1445784470926,212,39,45864
37,LinkedIn,432.34132580483515,60,22,21307
38,Google,161.30664578443896,280,49,37982
39,Google,252.74486088954208,333,17,20611
40,Instagram,108.12173681817274,286,34,44791
41,Instagram,479.32296226642507,150,6,12950
42,Instagram,322.778585502896,479,46,11704
43,Facebook,152.88926247655823,284,6,44111
44,LinkedIn,352.26530798263553,299,34,12867
45,LinkedIn,328.15770820605314,343,1,3745
46,LinkedIn,211.17322311477824,390,10,4866
47,LinkedIn,101.10091648983305,461,21,33245
48,Instagram,352.20793801675984,382,5,45724
49,Facebook,284.138465406707,61,2,6818
50,Facebook,397.5432762810377,36,22,49861
51,Instagram,284.07357550039706,166,48,31116
52,Facebook,433.48167514334307,248,2,16493
53,Instagram,298.3580774485185,165,10,29038
54,LinkedIn,302.42208719092383,300,34,21447
55,Instagram,444.49412119625526,145,16,31431
56,LinkedIn,231.56728979557866,153,48,18908
57,LinkedIn,110.30685280278833,115,39,30336
58,Google,62.95220434100254,429,22,41992
59,Instagram,389.81176505312857,167,12,5025
60,Google,329.1392981090591,155,24,21093
61,Instagram,366.83589564465063,11,47,7155
62,Instagram,145.83387267900983,442,40,47607
63,Google,111.3671640140464,86,38,34487
64,Google,56.545099550546865,141,10,48658
65,Instagram,207.76440146296864,99,35,21963
66,Facebook,315.4629590845849,354,49,21936
67,LinkedIn,226.50982029487955,359,32,5426
68,Google,246.86371491067808,468,7,24303
69,LinkedIn,456.8714125221868,272,21,46280
70,Facebook,206.71496016048516,360,20,28606
71,Facebook,281.2952701219149,117,26,48832
72,Facebook,402.6438557335144,83,4,29151
73,Google,228.44425204457158,48,46,14767
74,Facebook,329.93901510254307,406,22,12308
75,Google,438.06366893603536,168,15,45245
76,Facebook,477.28428064593896,80,40,46671
77,LinkedIn,116.18306641806707,456,21,25770
78,LinkedIn,466.96443132267245,321,15,29572
79,Instagram,271.4523318857922,250,22,42448
80,LinkedIn,166.20997473453127,435,28,3204
81,Instagram,256.6110903072176,454,14,28233
82,LinkedIn,491.0146588784647,307,27,22729
83,Google,271.6781422967913,449,41,32131
84,LinkedIn,197.9382246293787,45,40,34870
85,Instagram,335.0303844425266,93,28,39011
86,Instagram,158.0655284501869,461,26,40382
87,Facebook,84.13849764889876,383,49,42475
88,Google,107.99587485979215,272,2,47681
89,LinkedIn,107.6206275309976,319,25,22607
90,Facebook,118.35621208053246,394,3,25968
91,LinkedIn,112.47222769223455,181,8,34398
92,LinkedIn,338.3936351614466,385,44,12908
93,Facebook,131.84603797961518,182,33,27423
94,Facebook,205.55027749573844,371,42,44615
95,Facebook,453.5547844577053,56,35,10171
96,Facebook,263.28273811829257,388,6,13721
97,Facebook,350.40098233446224,150,39,17616
98,LinkedIn,127.54394204073343,384,23,43512
99,Facebook,136.53005846390187,415,25,39458
100,Google,68.39087731991549,127,43,47169
101,Instagram,126.02077838247405,286,19,8659
102,Facebook,175.36565256438138,223,5,44369
103,Facebook,129.65471792453607,229,11,12704
104,LinkedIn,89.91614019067502,402,12,33793
105,Facebook,104.28614199527036,35,10,49152
106,Facebook,257.3504456147266,18,8,47473
107,Facebook,142.85017328260665,280,24,32226
108,LinkedIn,213.92143747163396,19,28,24852
109,Facebook,276.5377718846856,481,41,33082
110,Instagram,360.67767288321437,387,36,23794
111,LinkedIn,67.69046292849453,130,37,42420
112,Instagram,409.73467950906917,134,21,14379
113,LinkedIn,332.5551752709085,179,8,8006
114,Facebook,86.79156437699235,81,9,9682
115,Instagram,443.1103808480498,161,47,34840
116,LinkedIn,464.3925802393159,217,15,33430
117,Google,77.48508193468868,58,48,24091
118,Facebook,174.59494166624168,163,46,33983
119,LinkedIn,412.7905759068776,356,40,24989
120,Google,386.71686067264625,302,18,10915
121,LinkedIn,133.0344587103698,77,42,43552
122,Google,144.20719550151964,59,20,19990
123,Facebook,216.7124462561219,161,6,25734
124,Instagram,268.0353433359596,28,12,15824
125,Google,328.2146471886332,109,2,37081
126,LinkedIn,216.01113780639758,69,7,12033
127,Facebook,258.14062225991654,176,16,43736
128,Google,386.36192216019043,211,3,17241
129,LinkedIn,66.50744130076906,354,45,6939
130,LinkedIn,163.59662495480933,155,3,48464
131,LinkedIn,371.0073136480486,412,27,48562
132,Google,452.8430769592397,173,43,36063
133,Google,280.25484895204977,467,40,35464
134,Google,289.45106836939203,490,38,12185
135,Instagram,98.22740510289923,448,33,28045
136,Google,251.3355650705546,251,28,45769
137,Google,289.67776990476045,78,1,48118
138,Google,159.11172663562834,184,8,20167
139,Instagram,171.15945392722142,58,37,37412
140,Google,219.77787339708019,492,32,22625
141,LinkedIn,59.03203899997686,117,48,40188
142,Google,194.93562451243022,235,43,28076
143,LinkedIn,145.15160314844508,170,37,45605
144,LinkedIn,197.3738084800616,128,4,20029
145,LinkedIn,103.89295931866305,158,30,23973
146,Instagram,450.7372763329527,474,6,40121
147,Instagram,317.1166040993219,159,46,32433
148,Instagram,355.59604361502033,441,19,44309
149,Google,405.12705737330225,302,32,2932
150,LinkedIn,274.2989895180758,152,9,45254
151,Instagram,89.11412963934066,428,12,2757
152,Instagram,291.6979438183465,485,11,31722
153,Google,314.0785031093956,464,46,38853
154,Instagram,385.4477633829485,169,16,39405
155,Google,244.24679580335572,20,1,2116
156,Facebook,107.4111362580037,147,45,44527
157,Instagram,177.699157609426,466,21,12691
158,Facebook,213.3870333793858,87,30,1492
159,Google,340.6627585992205,86,13,28882
160,LinkedIn,306.85023710101035,450,34,9811
161,Instagram,210.2435266540308,263,4,28808
162,Google,493.93186195684086,418,28,25272
163,LinkedIn,322.5986687105992,267,38,29399
164,LinkedIn,156.7520562811975,329,31,7474
165,Facebook,95.80211267918168,300,27,27956
166,Google,118.78661263294941,272,5,48153
167,LinkedIn,160.68097777302864,94,25,43506
168,Instagram,122.30661796680005,155,3,14979
169,Instagram,133.9551608230876,332,33,45523
170,Facebook,178.2928259122312,51,4,43565
171,LinkedIn,128.01811788263967,383,25,29328
172,Google,453.5444410818913,134,20,48375
173,Instagram,86.10518554773898,176,34,13867
174,LinkedIn,286.0301253066146,434,26,26851
175,LinkedIn,234.6785721453477,250,5,32279
176,Facebook,492.0703776088729,468,35,31527
177,Instagram,100.41750597562356,496,28,8866
178,Instagram,229.03501957058373,289,29,16449
179,Google,486.261694973916,197,9,11685
180,Instagram,439.47820665229114,311,38,24544
181,Google,417.68243192717597,28,6,6451
182,Instagram,166.05627217022294,77,19,22642
183,Facebook,126.89941432552962,227,44,42316
184,Instagram,350.88944896599395,111,11,40954
185,Google,468.2191951074136,51,2,39870
186,Google,300.5433018562684,297,47,32030
187,Facebook,307.22571026145494,176,44,31873
188,Instagram,175.99059214712787,118,44,1619
189,Instagram,396.2718199363716,45,9,34650
190,Facebook,134.1696868508855,241,21,26372
191,Instagram,195.65565638190967,238,24,4642
192,Instagram,241.44639737738754,362,34,29001
193,Google,278.4246704080048,173,22,35064
194,Instagram,159.0843795867861,396,3,30290
195,Instagram,101.67657113264158,82,12,15122
196,Facebook,324.7790190987347,145,28,25820
197,Facebook,179.8837489581151,362,30,3895
198,LinkedIn,311.5571996401755,388,26,6366
199,Google,119.46322187339103,79,48,9711
200,Instagram,266.5130458346679,434,21,20596
201,Instagram,289.6652446482136,496,28,19793
202,LinkedIn,73.3205915700921,205,26,9199
203,Instagram,201.47192518726425,278,33,11717
204,Google,110.48660462253841,58,21,37191
205,LinkedIn,78.5187367127455,325,35,11211
206,Google,495.4821045754754,139,34,46550
207,LinkedIn,195.05923023862533,453,41,24360
208,LinkedIn,414.4435006345857,14,47,22542
209,Facebook,164.58829464369373,437,18,32312
210,Google,356.67622500076817,36,11,46242
211,Instagram,392.10253695035897,169,23,37435
212,Instagram,318.0374332735299,158,48,29247
213,Google,262.20928484757127,273,22,23357
214,Instagram,235.32841136627084,239,17,42045
215,Instagram,206.9907199443479,209,5,28691
216,Google,468.28811491152163,59,44,13424
217,LinkedIn,423.7787335044781,76,11,19852
218,Google,484.26210979993067,309,30,23601
219,LinkedIn,105.93375056849513,390,15,19020
220,Instagram,378.8903638416399,67,27,9155
221,Instagram,472.253205569467,268,35,4583
222,Instagram,131.55487977454706,351,33,16515
223,Facebook,79.92332031504986,335,20,37777
224,LinkedIn,383.5042921805266,139,16,20710
225,Facebook,308.51290093096037,224,34,44178
226,Facebook,428.82294954122244,181,2,25532
227,Google,112.89756948183027,267,35,19601
228,Facebook,407.8702903369506,111,40,5967
229,Google,140.73229402148502,218,28,19753
230,Google,123.64517428956702,300,47,21022
231,Facebook,123.91960906894683,363,39,44463
232,LinkedIn,416.558624104122,480,6,10135
233,LinkedIn,349.33874931329007,295,9,6722
234,LinkedIn,285.37944114610366,125,20,28413
235,LinkedIn,211.47371785557613,273,1,28236
236,LinkedIn,444.7402433658987,159,8,16514
237,Facebook,226.60029834018593,309,23,44896
238,Facebook,417.4697477622097,451,3,38212
239,Instagram,247.61070885659828,45,4,41386
240,LinkedIn,219.62499324120841,462,25,21331
241,Facebook,258.2059035513229,342,47,19060
242,Instagram,185.62004337386392,486,38,2196
243,LinkedIn,386.424221079313,296,15,13297
244,Google,276.22417554161564,312,21,3787
245,Instagram,154.4957128160678,320,35,24816
246,Facebook,454.8085579735558,217,46,41695
247,Google,222.75104961794514,115,14,20702
248,Google,294.59878750129485,455,36,26242
249,Google,457.91244993404615,167,12,3176
250,Instagram,330.90709816129646,130,17,21127
251,Facebook,102.60411831876382,64,39,42560
252,Google,472.92445562606383,409,9,28228
253,LinkedIn,332.46862388213805,21,35,21208
254,Google,200.70752659568876,154,13,29482
255,Google,112.67243269852426,409,15,10171
256,Instagram,407.3113351716332,405,18,36219
257,Instagram,329.0327401678311,145,33,34396
258,Facebook,290.0574913893447,477,6,43589
259,LinkedIn,452.2516623729309,12,27,41546
260,Instagram,404.86874505103884,153,23,4696
261,Google,118.25369587973803,39,27,21058
262,Facebook,190.27493050799671,246,34,21313
263,Google,161.82011291650957,288,46,20149
264,Google,384.77583165770466,357,38,46740
265,Instagram,65.08959563110072,124,14,42075
266,Facebook,306.45035819209244,113,36,5956
267,LinkedIn,393.1064085833107,127,8,11195
268,LinkedIn,444.5445365427872,14,35,18076
269,Instagram,203.93678692215835,477,19,2105
270,Instagram,419.5657871024058,369,30,16417
271,Facebook,99.78428162984325,257,14,25729
272,LinkedIn,430.9035312805332,373,20,47956
273,LinkedIn,107.36989804939208,330,49,31099
274,LinkedIn,228.77928075216528,130,25,33598
275,Google,408.78291460079913,295,40,30961
276,LinkedIn,117.4628423069482,158,24,13602
277,Google,153.16312785468867,93,14,10256
278,Facebook,375.01365577687983,463,26,21584
279,Google,374.01644144573345,415,38,47980
280,Facebook,338.5164347983838,475,23,35681
281,LinkedIn,362.276800010195,465,22,26792
282,LinkedIn,294.22599950641825,240,48,22904
283,Facebook,163.30957650812874,297,19,44361
284,Instagram,205.56319707676374,170,46,35540
285,Facebook,131.71897256064153,281,3,27536
286,Instagram,458.80275260013275,469,42,20164
287,Google,312.5263076447542,47,19,13996
288,Google,230.38313754363796,235,9,3871
289,Google,257.90261163985974,151,28,47002
290,LinkedIn,476.2775028253169,301,20,23626
291,Google,119.00813140223609,490,45,11521
292,Instagram,313.80342440755874,160,7,44410
293,Google,277.64990549800973,123,14,2132
294,Facebook,325.1544059455915,246,9,34467
295,Facebook,58.14958271937823,75,19,15534
296,LinkedIn,442.45575902486814,370,47,24854
297,Facebook,469.4532271176256,350,14,43998
298,Instagram,304.309932615144,267,38,40065
299,Google,363.49287074460153,484,36,46607
300,LinkedIn,465.1247215297831,258,40,8812
301,Google,368.2573854410294,466,17,5557
302,Google,118.6425693114176,458,30,3179
303,Instagram,309.3297620750659,340,9,44798
304,Facebook,323.0217708722852,332,33,10065
305,Facebook,240.8588020860737,189,25,9275
306,Google,381.3999060311253,199,14,48857
307,LinkedIn,470.4651566460567,416,11,36948
308,Facebook,466.5058308080493,163,35,21700
309,LinkedIn,252.87771713185944,205,41,40464
310,Facebook,100.95712062833987,475,14,43351
311,LinkedIn,493.1785395330506,320,30,28794
312,Instagram,427.50413890067034,271,41,29783
313,LinkedIn,106.09820654147008,428,4,17998
314,Instagram,464.37884717781753,415,4,14869
315,Instagram,441.4533629279577,436,28,45525
316,LinkedIn,283.47712570673247,152,8,29152
317,Instagram,316.07394608521815,351,2,21954
318,Google,229.55121674155862,325,41,32555
319,Instagram,74.6427374699141,110,46,17654
320,Facebook,200.8387587406554,253,22,46026
321,LinkedIn,411.28405186910516,499,41,36236
322,Google,52.08441035207129,21,16,47976
323,LinkedIn,200.07462726101488,248,29,16042
324,Facebook,229.1759121159245,58,49,26966
325,Facebook,291.8280213220653,51,48,49407
326,Facebook,463.9350273857422,175,30,45314
327,Instagram,205.85569746468255,91,12,46095
328,Instagram,206.12894085330245,438,35,15270
329,LinkedIn,381.8755616493868,300,11,31908
330,LinkedIn,253.49807340041323,167,46,16523
331,Google,151.0721703229919,225,21,48068
332,Google,253.59778225971203,499,21,20991
333,LinkedIn,113.38565917090995,167,5,11775
334,Instagram,129.3741439278005,471,48,13265
335,Facebook,274.2654977327659,143,20,20459
336,LinkedIn,238.51645227704657,76,37,17673
337,Google,461.68065548064504,345,3,28056
338,Instagram,213.0772546024849,16,44,7614
339,LinkedIn,311.26475762511956,445,33,37020
340,LinkedIn,334.5189295637887,23,9,8415
341,Instagram,55.89250546475014,82,9,24155
342,LinkedIn,348.5918174075198,408,4,44884
343,Instagram,130.11618509138816,414,35,17964
344,Facebook,482.48164286125484,172,17,38726
345,Instagram,116.89822748890083,75,34,38044
346,Instagram,236.58085567716068,356,24,38544
347,Instagram,88.40735063538973,139,32,33252
348,LinkedIn,498.5934133306763,428,1,4832
349,LinkedIn,275.9877546490592,475,8,26275
350,Instagram,317.9232577940197,215,45,15901
351,LinkedIn,80.18441482479237,285,23,39213
352,Google,387.48221167963,475,47,35148
353,Google,144.45751689301358,265,40,43633
354,LinkedIn,454.1244302483212,275,12,23918
355,LinkedIn,142.31283821690323,34,12,47694
356,Instagram,135.80947429864995,459,46,20540
357,Facebook,66.4473505316427,290,47,12580
358,LinkedIn,262.43012529949965,262,15,39402
359,Google,304.1785099681774,319,41,39578
360,Instagram,79.56888774275856,298,19,25917
361,LinkedIn,398.9874275127548,173,26,23318
362,Google,253.97997563661244,104,29,11179
363,Google,285.975621197411,279,22,13251
364,Facebook,248.34323612220265,330,40,46899
365,Instagram,230.3433773938967,119,21,20493
366,Instagram,301.83814908869806,345,38,21466
367,Facebook,119.85811066882063,319,20,31206
368,Facebook,131.86765872287202,247,29,46475
369,Instagram,437.8035294560828,390,4,20624
370,Instagram,475.75195796013475,445,7,27564
371,LinkedIn,217.98919232588884,396,28,23412
372,LinkedIn,171.8351029145992,492,28,28990
373,Facebook,339.7997944575571,434,4,36517
374,LinkedIn,233.9303769941434,399,22,14156
375,Google,61.42386004715519,34,12,24064
376,LinkedIn,120.26866881478566,150,45,26711
377,LinkedIn,372.18750298132886,126,3,31106
378,Google,346.5157738595681,491,22,17589
379,Facebook,62.19319662656757,401,44,24736
380,Google,149.88747286982726,414,2,21975
381,LinkedIn,153.98365846463213,491,24,37218
382,Facebook,352.35173461942776,461,34,8214
383,LinkedIn,58.86974198946387,34,27,31581
384,Google,96.84886189305823,88,41,21195
385,Google,409.9622384179352,77,1,45582
386,LinkedIn,130.34509792445013,182,8,28127
387,Instagram,343.7357485333436,453,23,6141
388,Instagram,157.18225147102692,21,38,29884
389,Google,94.74862674170532,297,6,25885
390,Google,159.42748594975433,137,22,3708
391,Instagram,375.0201193350466,105,25,19375
392,Instagram,435.06341064782856,101,18,16088
393,LinkedIn,423.5989390551462,150,17,45602
394,LinkedIn,228.73258832830467,40,12,46046
395,Instagram,350.6383114567908,343,6,11014
396,LinkedIn,142.24293293711943,29,26,4273
397,LinkedIn,181.91647861745597,155,27,48135
398,Facebook,453.3511183345039,486,8,38306
399,LinkedIn,55.850865579831215,325,19,31881
400,Google,88.47883888451064,456,42,32486
401,LinkedIn,143.5488148157123,399,1,13541
402,LinkedIn,61.93949174321887,169,29,9712
403,Instagram,131.6459457904088,358,45,10168
404,Google,312.3687024363615,52,49,4551
405,LinkedIn,239.64104776662407,263,35,13297
406,LinkedIn,451.7022699846387,139,40,44733
407,Facebook,417.8496027822984,69,14,28128
408,LinkedIn,203.81780826404417,160,35,3832
409,LinkedIn,166.7405450440816,476,48,29483
410,Facebook,220.8615836752701,296,45,23063
411,Instagram,315.6327241316635,14,20,23963
412,LinkedIn,170.6286383702943,476,49,14422
413,Facebook,330.86700853211033,427,13,33920
414,Google,234.23524348605818,275,38,12156
415,Instagram,298.4212313833911,354,49,12108
416,Google,246.25693811089252,139,46,32845
417,Google,182.50959179386294,391,49,3800
418,Facebook,476.8039881329705,276,8,39078
419,LinkedIn,393.62260737189234,187,43,43712
420,Facebook,113.05092909490364,262,20,3610
421,Facebook,440.8105891540608,424,33,13067
422,Facebook,269.34403921228113,65,26,34872
423,Facebook,452.54850210234116,472,39,11728
424,Instagram,409.93486517629185,466,21,30566
425,LinkedIn,241.34607701115505,480,49,30783
426,Google,60.111188744052825,92,42,21583
427,Google,170.90481172322575,402,43,21238
428,LinkedIn,293.73539659739015,108,41,8263
429,Google,335.0651989217663,158,9,2914
430,LinkedIn,166.04945844494102,338,24,24749
431,Google,112.71023333277085,165,37,20456
432,Facebook,425.7186065596846,199,49,26582
433,Google,492.98098131659845,380,41,1406
434,LinkedIn,286.56058203620864,272,17,14689
435,LinkedIn,127.25567863173657,89,24,33934
436,LinkedIn,172.53829693371603,409,21,34276
437,LinkedIn,58.27580444636003,261,39,37432
438,LinkedIn,461.4344629522246,106,41,20873
439,Instagram,102.9879873005635,269,39,14050
440,Instagram,309.43241398141413,269,13,1680
441,Google,173.3248493092427,112,11,19908
442,LinkedIn,299.38010113210703,49,46,19504
443,Google,343.1391747583389,282,19,22644
444,LinkedIn,423.38381166824075,110,11,38125
445,LinkedIn,142.88957229227145,368,13,2363
446,Instagram,54.948122896316214,389,46,43291
447,Instagram,111.59853353096327,317,45,36060
448,Facebook,455.00838883164727,230,1,2538
449,Instagram,443.25053490313184,317,40,37176
450,Facebook,318.8358959766387,429,44,42520
451,Facebook,320.232587195144,133,19,26675
452,Facebook,349.26650354581494,431,12,19287
453,Facebook,128.91707538055232,240,8,1174
454,Facebook,461.4853756662319,187,8,27732
455,Google,238.4467362014329,72,45,35998
456,Instagram,222.41233771227385,494,12,38055
457,Facebook,283.5129673772769,125,48,13112
458,LinkedIn,71.13468504877477,200,33,40874
459,Instagram,124.82751594023573,71,45,10689
460,Instagram,382.1151273918667,265,26,45814
461,Facebook,87.25940056630691,492,39,20555
462,Google,321.4184492598747,16,28,34919
463,Facebook,160.40709935659441,164,5,8619
464,Google,225.18302631888943,101,8,7033
465,LinkedIn,179.91218154681494,479,25,42328
466,Instagram,210.0527224092271,23,27,5946
467,LinkedIn,373.57065733291046,464,46,25618
468,Google,183.70477203042876,238,23,35675
469,Google,304.8820881336037,95,30,37258
470,LinkedIn,264.22268098959483,142,45,19919
471,Google,348.65202441319167,192,47,5173
472,LinkedIn,471.5733826961411,395,23,44833
473,Instagram,379.65744374461264,71,49,27400
474,LinkedIn,146.72317036584053,228,47,5769
475,Instagram,64.03241077757811,414,20,38564
476,LinkedIn,168.01881993492128,255,18,46814
477,Google,317.7850688151147,239,18,15211
478,LinkedIn,73.14161606791265,88,2,24255
479,Google,273.3648112405564,158,4,28962
480,LinkedIn,318.5792820126001,147,30,20356
481,LinkedIn,200.40975086763237,480,33,21306
482,Facebook,396.9104916856199,323,36,5997
483,Google,97.96921391019731,385,18,18376
484,Facebook,83.81200178111393,432,37,41880
485,Google,377.6849402916215,398,19,39055
486,Facebook,272.9710922927893,74,47,11578
487,Instagram,359.7810783924812,22,28,19624
488,LinkedIn,245.67230237168582,222,40,40194
489,Google,160.88091495759807,483,20,45367
490,Google,418.5960429533899,251,49,1389
491,LinkedIn,409.73714553604066,222,33,34767
492,Google,362.61341188449205,190,12,46580
493,Google,172.4653117534832,347,15,49367
494,Facebook,315.60380009108917,494,41,2855
495,Google,212.43825362301206,182,39,41893
496,Instagram,91.21193299698537,169,2,14794
497,Instagram,462.79110895800926,173,29,36531
498,LinkedIn,111.56838391353263,474,41,5986
499,Google,477.6068092193611,492,10,33298
500,LinkedIn,250.70259783108008,197,2,2481
501,Instagram,133.30981797737883,404,11,4731
502,Google,293.85542632026113,200,13,17835
503,Google,442.8256261443837,414,10,28798
504,LinkedIn,379.50119888430254,317,14,27113
505,Instagram,412.9525165376524,265,18,20477
506,Google,346.4525150198228,192,9,18266
507,LinkedIn,361.52445403303363,126,39,21792
508,Instagram,432.1380432043937,291,28,21452
509,LinkedIn,162.35060398663367,205,3,44526
510,Facebook,270.2412336394132,43,20,42334
511,Google,149.54424881882102,61,6,12889
512,Facebook,494.45060359849117,121,27,25335
513,Instagram,474.826702858976,261,2,12254
514,Facebook,67.74206511582766,91,29,22074
515,Facebook,367.5088276320598,241,38,12442
516,Instagram,466.36174283704963,236,3,47289
517,LinkedIn,131.2589053073001,242,16,38327
518,Facebook,305.57535374868326,230,30,17199
519,LinkedIn,461.9697339146188,445,40,8291
520,Facebook,65.27569036360948,422,2,41928
521,LinkedIn,363.83912026107794,431,17,1112
522,Instagram,183.80705331764784,51,41,22515
523,Facebook,465.9782879194387,30,12,20581
524,Instagram,486.9762103244155,51,35,49692
525,Facebook,474.91992010104525,406,43,27500
526,Instagram,263.3963974958587,122,1,33026
527,Instagram,437.91919294519107,114,45,17523
528,Facebook,430.04722934078166,201,15,2424
529,Facebook,193.59521295946504,26,26,20552
530,Facebook,423.0119633678048,129,37,11808
531,Google,66.65343562197168,402,21,39811
532,LinkedIn,318.32144531692387,434,49,7989
533,Google,153.50397677946637,138,31,24620
534,Google,104.25509859977547,139,25,40029
535,Instagram,84.62894073314412,69,23,1887
536,Facebook,363.3299491451629,57,24,32802
537,LinkedIn,202.94373369562976,38,38,20488
538,Instagram,376.1450471879427,106,28,31013
539,Google,79.41035335952407,19,21,17402
540,Facebook,191.88065202377464,251,43,22205
541,Instagram,292.77108156890176,323,18,27049
542,Facebook,405.8254241775336,453,36,13253
543,Instagram,193.43862631943145,241,35,19990
544,Facebook,331.6511193966541,286,45,8846
545,Google,448.68998670628423,293,9,26027
546,LinkedIn,327.13843468203703,212,38,40200
547,Google,154.8317636391352,256,30,47220
548,LinkedIn,60.98035170044211,299,44,47163
549,Facebook,441.54449325541844,273,34,4765
550,Instagram,59.57123488267421,452,32,16950
551,Google,443.6157527078897,223,3,46270
552,LinkedIn,288.02171031224543,209,3,10741
553,Google,472.5804643308033,442,28,23742
554,LinkedIn,409.4524560981494,88,44,25703
555,Google,499.07034974000186,410,15,39709
556,LinkedIn,207.82031695326958,453,41,38623
557,LinkedIn,395.2347300190071,352,23,23931
558,Facebook,230.86891112415898,353,40,24580
559,LinkedIn,265.944029136759,182,11,16166
560,Facebook,332.37745844826657,476,48,30240
561,LinkedIn,443.15470138385245,78,32,26991
562,Instagram,492.8375611396828,425,36,39556
563,Instagram,395.7230362390332,437,33,33969
564,Instagram,237.99505197530019,458,24,11561
565,LinkedIn,239.61065102468157,96,39,17901
566,Facebook,381.9120357150012,110,34,41505
567,Facebook,157.44971559573605,17,28,31020
568,LinkedIn,99.7133509091276,342,37,26917
569,Instagram,209.57997093834945,209,7,2988
570,Instagram,179.25754624433677,96,4,49209
571,Facebook,183.33865420519555,52,37,45505
572,Instagram,155.1234879724595,394,1,15256
573,Google,68.94193533636285,118,1,23192
574,Facebook,58.04327063003622,444,47,29230
575,Instagram,494.4750753812142,417,20,40930
576,Facebook,242.49791018113805,492,19,46833
577,Google,222.94699122185676,161,29,23625
578,Facebook,355.84127721188145,26,10,33088
579,Facebook,148.21424953927888,142,18,15114
580,Facebook,477.4825327776014,157,28,42167
581,Facebook,403.8552564869984,286,35,39401
582,Google,90.23495104051679,241,43,6755
583,LinkedIn,237.91134910321776,323,47,11825
584,Facebook,445.6032384029741,424,31,23693
585,Facebook,475.1294100311346,375,27,5117
586,Instagram,260.3306800624414,237,11,25729
587,Facebook,326.0351251448185,148,49,33182
588,Instagram,125.16527574143385,445,49,29890
589,LinkedIn,496.0258817616394,408,38,30340
590,Google,154.25226562254954,220,5,2518
591,Google,474.2292983608065,400,8,31949
592,LinkedIn,342.3409920465658,37,34,23547
593,Google,323.48155769548663,60,48,17346
594,LinkedIn,280.70982995742884,451,12,3600
595,LinkedIn,153.8014152729914,270,38,47005
596,LinkedIn,129.43761440247872,270,1,30267
597,Google,149.2187940815789,359,31,37322
598,Instagram,133.89721796491455,361,4,27990
599,LinkedIn,400.813013105039,17,49,17193
600,Facebook,207.55636662502855,329,45,31109
601,Google,76.02920445352837,147,5,20233
602,LinkedIn,486.0961835633651,47,30,49021
603,LinkedIn,447.70364823354157,120,24,17194
604,Facebook,467.48852743784585,489,3,35510
605,Instagram,497.70852019089585,377,11,2306
606,Instagram,128.25286214876928,229,45,4849
607,Instagram,228.30890850619645,346,4,13360
608,LinkedIn,391.2073140668411,232,26,46536
609,LinkedIn,363.2092781242065,145,27,30231
610,LinkedIn,119.25315785293478,265,46,46800
611,Google,417.124906245778,369,43,37963
612,Facebook,150.9982573264973,418,27,19689
613,LinkedIn,150.7179266701804,338,42,30084
614,Facebook,291.6384903020361,459,6,41387
615,Facebook,316.8229706787664,472,15,10280
616,Instagram,311.038793527015,443,30,3642
617,Google,91.16907682898969,460,42,43137
618,LinkedIn,444.85738818367116,58,37,15296
619,Instagram,169.52001916491773,301,37,16438
620,Instagram,108.28171457726188,391,42,49442
621,LinkedIn,449.93663594103975,333,37,38525
622,Facebook,480.043174203389,87,35,3994
623,Instagram,437.9574277694528,114,23,48994
624,Facebook,414.28223362619514,178,6,35039
625,Google,344.8588912875598,226,4,2813
626,Facebook,297.8858167741127,387,18,28491
627,Google,89.14404196013456,128,9,19845
628,Facebook,233.80394588181443,199,49,42243
629,Instagram,217.70983265554128,264,29,38164
630,Instagram,166.8892026921468,379,13,43051
631,Google,375.5390511598632,275,47,14318
632,LinkedIn,273.1440807854469,158,17,18200
633,Google,86.47079715844157,173,45,1082
634,Google,149.08244087741508,149,32,2920
635,Facebook,357.46644364681816,356,48,41585
636,Facebook,84.25888677063509,497,22,12683
637,Google,433.0431113219459,267,4,12336
638,Instagram,272.81593715628844,383,5,16596
639,Facebook,266.26395979699157,278,37,3093
640,LinkedIn,316.5835030967829,190,41,13905
641,Facebook,421.1064346663171,169,49,25351
642,Facebook,206.51414355598686,360,13,31981
643,LinkedIn,355.1072686515786,409,34,9367
644,Google,304.57938379810594,297,45,6285
645,LinkedIn,170.1627215762396,297,22,44664
646,Google,445.3834938598211,389,23,38705
647,Google,408.8417097231177,235,3,17753
648,Google,346.3033255962915,20,42,19485
649,LinkedIn,432.76177809240886,19,34,13977
650,Google,440.28239043191104,280,32,20874
651,Instagram,368.76333952176566,282,45,8674
652,LinkedIn,426.6559977636524,433,49,30038
653,Instagram,363.8621577511776,411,21,30315
654,Google,356.0633472921352,192,46,4676
655,Facebook,328.37512019683294,466,44,3426
656,Google,388.72248780093855,162,21,25473
657,Instagram,121.37229738188317,497,44,3962
658,Instagram,446.3918416395178,324,11,30943
659,LinkedIn,442.3295874853544,343,39,1859
660,Facebook,63.16127736555161,133,4,45816
661,LinkedIn,421.6175377541432,482,1,5138
662,Instagram,107.99144036305034,123,28,36192
663,Google,200.80348441661386,287,24,26640
664,Facebook,384.5787153312235,423,35,11409
665,Google,122.34195322173869,477,13,5017
666,Google,418.085160853578,222,47,11451
667,Facebook,424.46038008098384,181,34,29327
668,LinkedIn,278.36048019237626,297,11,11278
669,Google,52.87364227257511,444,36,25944
670,Instagram,179.16715992871076,183,17,44764
671,Google,327.617113269084,122,35,2134
672,Facebook,491.53378011234054,385,18,31131
673,Facebook,334.31608715750076,414,40,38887
674,Facebook,166.91161147887192,492,22,39462
675,LinkedIn,335.30256639482513,131,24,23520
676,Google,292.99342087213495,41,19,22869
677,LinkedIn,400.9304278180146,231,37,37932
678,LinkedIn,98.14128747213128,128,39,6039
679,Facebook,392.4625561259126,48,21,22281
680,Facebook,293.5699604042496,277,8,48399
681,LinkedIn,483.3464017365476,242,28,11442
682,Google,203.84247471740875,440,5,9252
683,Instagram,334.6798519102767,27,17,28586
684,LinkedIn,469.4126474795079,158,37,18568
685,Google,96.12937759580566,406,36,21810
686,Facebook,471.75281925640303,158,19,2551
687,Facebook,359.548575035366,135,27,13625
688,Google,80.52667659732735,401,34,35397
689,Instagram,185.4336051260673,311,11,27249
690,Facebook,368.6774398903767,369,45,2361
691,Facebook,80.30777066094726,247,47,27149
692,Facebook,311.976707079323,144,12,5370
693,Google,205.64737562883053,160,21,6283
694,LinkedIn,329.4119829953647,245,11,8610
695,Facebook,70.58391521563078,233,39,44326
696,LinkedIn,442.1915627685693,212,28,15924
697,Instagram,488.0700361298286,265,5,48607
698,Facebook,485.99503487856117,95,17,45717
699,Facebook,387.3433242843161,159,20,11626
700,Instagram,108.53880805878438,244,41,35761
701,Facebook,391.2184381680602,354,46,1869
702,LinkedIn,61.06411240646068,31,12,32552
703,Google,59.95559818804877,357,6,2014
704,LinkedIn,195.62459861729357,294,17,11103
705,Google,269.8894356820996,278,19,17986
706,Google,396.68333801350695,475,26,45781
707,LinkedIn,357.48291947292734,267,48,31471
708,LinkedIn,250.65621786953676,38,44,34458
709,LinkedIn,173.13199982674965,222,44,26069
710,LinkedIn,498.70602507097004,472,32,17873
711,Instagram,241.78158600618784,445,6,24248
712,Facebook,253.12416094835396,292,36,24624
713,Google,123.63071953625114,59,38,44516
714,LinkedIn,407.66429693746824,104,11,30061
715,LinkedIn,362.1570016016699,472,33,25170
716,LinkedIn,149.34632575494217,416,24,9024
717,Instagram,87.07147052712921,97,23,17678
718,LinkedIn,356.2246859336209,53,15,39256
719,LinkedIn,344.53004642651086,470,27,21411
720,LinkedIn,172.9667871491942,287,11,44803
721,Facebook,477.88860301268465,180,17,20296
722,Instagram,117.9760513014051,430,14,27293
723,LinkedIn,244.55066046917085,198,27,28172
724,Google,474.6271640754195,362,18,22128
725,Google,238.87729261675503,193,28,19257
726,Google,337.3366764488385,12,47,13855
727,Instagram,228.91747908325743,200,47,20642
728,Instagram,173.3968410569015,127,4,36585
729,Google,492.7899415819227,28,7,21025
730,LinkedIn,234.20030284176937,32,45,5458
731,Instagram,452.3446416556105,422,35,6307
732,Google,153.47957265098879,39,48,42701
733,Google,145.8971168112875,304,9,19425
734,LinkedIn,64.01033729803011,117,8,44427
735,Facebook,343.2500714191483,376,45,29273
736,Instagram,215.8368546756925,290,17,39506
737,LinkedIn,438.9612124278367,137,17,6668
738,Google,262.9444580112007,238,49,26934
739,Google,485.68704256162476,120,33,48195
740,LinkedIn,133.4864820664045,145,32,8697
741,Instagram,440.88042558002485,371,8,25417
742,Facebook,399.4685837562838,195,19,17446
743,Facebook,396.9148300898234,153,38,41597
744,Google,430.15245265259944,81,3,11751
745,Instagram,392.4607959243495,138,5,47218
746,Facebook,331.7991447341369,373,13,8352
747,Instagram,109.0601949570744,270,47,14516
748,Instagram,64.63678077106336,12,46,24299
749,Google,464.3815315170591,458,31,32957
750,Facebook,327.4926415343321,397,16,29927
751,LinkedIn,408.44178093927934,113,32,42094
752,Google,266.6850581806475,492,22,37412
753,Facebook,102.78868503307751,233,29,30493
754,Facebook,106.33360649114769,329,22,27711
755,Facebook,358.5043792530371,371,43,9003
756,Facebook,243.6376527047582,363,3,32707
757,Facebook,140.2361270151515,482,10,4278
758,Instagram,271.2175460336466,19,42,8296
759,Google,78.89402168381034,414,21,26398
760,Instagram,311.8871308614795,393,16,36842
761,LinkedIn,171.04703199579396,311,12,14261
762,Facebook,408.9015952867347,240,2,12173
763,Google,189.6628815156082,228,41,31449
764,Facebook,254.84906708681055,420,24,42080
765,Google,55.22924295864529,75,35,2637
766,Instagram,82.6010995075515,434,30,32781
767,Google,226.62210038300816,121,30,14652
768,LinkedIn,265.9724756227056,22,47,6103
769,LinkedIn,320.00924665368666,402,35,26500
770,Google,181.24816041918646,429,19,35800
771,Google,362.74184875694414,95,8,36529
772,Google,437.05507873514205,243,26,48963
773,Google,400.9329450020074,99,49,19452
774,LinkedIn,67.82847140676071,323,40,32174
775,Facebook,266.228126266023,63,7,36436
776,Google,97.21858028817869,21,30,48406
777,Google,158.92025713813734,218,7,16954
778,LinkedIn,493.9981669702159,471,3,18186
779,LinkedIn,114.12299430568095,23,1,13356
780,Instagram,274.4996690531102,130,36,33963
781,Google,328.1700804431536,427,25,3187
782,Instagram,366.1092367448468,446,37,12707
783,LinkedIn,301.84190756911136,386,1,36098
784,LinkedIn,54.396881338632646,29,15,27935
785,Facebook,196.90758870979636,84,37,22225
786,Google,282.97023952312014,409,13,4606
787,Instagram,89.53992461517501,252,40,33828
788,LinkedIn,207.78211904413135,232,8,27489
789,LinkedIn,64.94139895611495,79,5,15387
790,Instagram,85.36032371975934,321,9,4927
791,Facebook,228.61547429071823,220,1,7296
792,LinkedIn,109.72208931937716,110,36,31444
793,Google,305.3933817177012,195,35,47390
794,LinkedIn,360.2592361117696,141,2,47893
795,Google,410.2640145990873,120,40,3591
796,Instagram,140.06760991016455,390,23,45895
797,Google,125.36716201658139,141,9,49516
798,Instagram,97.05552815048011,29,34,27147
799,Google,336.3936122946365,403,46,39889
800,Instagram,367.9140769191055,33,14,2200
801,Google,64.21376517153891,236,4,16721
802,Facebook,471.2955108096604,163,30,20238
803,Google,73.38707764316258,302,31,12087
804,Google,293.5833508854817,239,38,31816
805,Facebook,369.0772337529124,478,11,24408
806,LinkedIn,441.93610568573854,319,35,40740
807,LinkedIn,371.3391194595925,497,8,1136
808,Google,410.7776373814063,368,3,18413
809,Facebook,202.75258664426272,414,14,49114
810,Google,416.67130118593053,211,13,19978
811,Instagram,86.0516808731038,47,45,1661
812,Instagram,452.66749522723745,439,32,36240
813,Google,296.4165692691813,269,34,28253
814,LinkedIn,417.78399648312217,197,45,27884
815,LinkedIn,253.54322803323507,66,19,33854
816,Google,339.6099628384362,438,38,11704
817,Google,286.88119742125093,29,16,39987
818,Instagram,379.21528478989933,282,2,25527
819,LinkedIn,86.7334919137653,128,40,17322
820,Google,77.15843779575371,80,17,48517
821,Instagram,161.19645530456592,13,34,7968
822,LinkedIn,121.79510605093475,230,42,28518
823,Facebook,442.3026049664908,23,16,47364
824,Instagram,148.64629431111996,12,38,28886
825,LinkedIn,489.1393651186091,225,2,2700
826,LinkedIn,201.60310629699808,238,2,29246
827,Instagram,131.95306205991466,345,26,36468
828,Facebook,405.36432821411563,195,13,24199
829,Instagram,346.41849897539424,64,47,45589
830,LinkedIn,274.18807240391254,397,31,33115
831,Google,299.91359792193407,385,34,6520
832,Google,373.64080022251875,263,39,45278
833,Instagram,152.8046335990844,33,3,37455
834,LinkedIn,498.35026222553387,171,8,21929
835,Google,488.65692296605243,167,23,42605
836,LinkedIn,342.6465588561216,91,14,15955
837,Instagram,139.7941029181153,412,27,45049
838,Google,356.1027090940811,168,29,14917
839,LinkedIn,82.48928404062913,197,39,5757
840,Google,63.79362599261273,69,39,14045
841,Instagram,165.95729983004617,412,1,42680
842,LinkedIn,258.1803305326923,314,17,5733
843,Google,440.7226274337712,328,41,31954
844,Instagram,377.2260813948386,375,30,32135
845,Google,384.21793453999146,220,13,8081
846,Google,241.47200050163391,415,21,42458
847,Facebook,205.67074664613332,161,19,24501
848,Facebook,216.9674433430712,118,19,22113
849,Instagram,494.442303681226,85,25,35441
850,Facebook,68.04913613561712,39,22,48086
851,Instagram,440.16417325510184,323,31,25690
852,Facebook,310.40393385757704,495,17,44939
853,Google,247.3769386353157,126,23,30345
854,Instagram,376.3659471868114,424,32,47313
855,Instagram,269.00102364111626,365,10,45571
856,Google,443.04045713674725,201,10,27829
857,Instagram,455.31583880506633,28,36,36062
858,Instagram,239.77441709305495,441,8,4630
859,Facebook,174.5725087557732,182,20,48861
860,Instagram,316.55764786701303,237,32,32870
861,LinkedIn,460.5635055275109,359,14,48221
862,Google,144.79798505254996,192,28,45942
863,Facebook,330.33496260356725,122,46,4453
864,Facebook,334.20209904163426,192,24,38275
865,LinkedIn,379.90086008687643,490,15,44370
866,Google,109.20545830726691,155,22,39396
867,Google,372.1212341069399,328,30,9328
868,Facebook,459.06463429953845,125,4,16534
869,Instagram,130.85739899160887,122,13,20744
870,Facebook,156.89449621574494,260,23,20389
871,Google,487.1277923187378,485,8,37320
872,LinkedIn,131.4396287192704,260,18,36010
873,Facebook,434.4732920163106,312,12,15665
874,Google,271.5250354016157,468,31,38865
875,Facebook,161.25398348142966,322,14,9640
876,Instagram,441.8374555726301,127,34,35716
877,Facebook,250.38736475119947,310,18,26521
878,Facebook,281.6678092683606,170,34,31049
879,Google,211.65501622989456,410,11,6618
880,Google,316.82788314571735,207,41,38004
881,Google,123.58574266326025,269,12,2920
882,Facebook,225.9866914932923,157,49,44937
883,Instagram,486.2355450508794,249,15,5188
884,LinkedIn,166.1600447155074,56,31,13207
885,LinkedIn,345.5314990435815,484,49,1238
886,Google,196.3355289011127,408,29,33972
887,Google,398.06290655897027,207,26,11799
888,Facebook,108.89314732325742,56,18,6552
889,LinkedIn,486.41947028534514,87,32,29916
890,Google,254.20529362263767,133,22,5927
891,Instagram,156.22270850590877,84,38,28964
892,Instagram,83.0735362985057,368,17,12164
893,Google,126.39105728939333,146,23,38158
894,Google,283.89827685020794,99,24,20071
895,LinkedIn,201.65142939407883,409,8,49409
896,LinkedIn,422.9975146471743,334,41,7160
897,Facebook,243.89938564781266,70,6,16810
898,LinkedIn,161.92142266443346,147,5,6126
899,Instagram,327.71524397181355,59,44,31009
900,Instagram,368.0497475984506,268,29,34584
901,Google,125.16885855542743,470,28,47182
902,LinkedIn,125.42864732974294,116,11,26396
903,Facebook,66.50214212009433,122,1,1192
904,Instagram,381.38090677953824,359,43,37413
905,Instagram,348.7120374298123,263,19,13816
906,Facebook,263.58389408741624,127,9,40082
907,Facebook,429.8767020361387,207,27,33130
908,Instagram,412.5515688275239,346,34,41142
909,Instagram,313.40946397853844,374,44,37468
910,Facebook,440.72207623096637,60,4,31698
911,Instagram,142.62854451654573,254,36,11655
912,Google,100.36382872897755,412,18,48897
913,Google,171.38732518264533,435,15,31075
914,Facebook,75.68908524019169,44,13,10359
915,LinkedIn,289.0262876004644,311,19,37661
916,Facebook,471.4725615327327,419,49,40579
917,Facebook,67.70459330082934,78,6,43056
918,LinkedIn,104.94946130451206,358,48,34272
919,LinkedIn,253.4895627275459,329,12,43581
920,LinkedIn,470.2437578875572,430,37,15671
921,Google,192.27024723953772,477,17,28048
922,Instagram,278.25566390977656,58,23,11738
923,Google,68.70778657267644,414,26,26963
924,Instagram,116.75444043293999,83,29,44954
925,Google,493.9835553314811,201,33,7773
926,Instagram,484.3034133962205,270,27,37584
927,Google,52.22299142048433,365,25,30894
928,LinkedIn,478.3153034404575,79,10,1717
929,Facebook,337.60397201697515,99,47,12676
930,Google,440.56323253400996,269,23,5434
931,Instagram,254.63293503523659,135,21,38825
932,LinkedIn,282.01821286066263,240,21,30100
933,Google,269.9809611156141,304,43,5994
934,Google,350.08891589574694,428,13,5234
935,LinkedIn,112.8430646403408,138,37,4764
936,Google,63.48811544270508,289,33,44949
937,Facebook,188.56847371603592,322,24,38405
938,Google,367.106343231491,109,44,35872
939,Facebook,140.83405345532677,335,11,43215
940,Facebook,353.04459499621277,306,17,24185
941,LinkedIn,486.4604207482717,191,4,44442
942,Google,92.25532210523826,183,47,42153
943,LinkedIn,352.6709532013068,325,25,12999
944,Google,249.687598687057,373,30,37487
945,Google,440.66401446987743,197,9,3581
946,Instagram,129.71740525132367,66,21,3763
947,Google,361.68167850177406,40,20,28374
948,LinkedIn,427.1518803416496,93,19,39759
949,Facebook,475.07639876331046,161,19,11531
950,Google,357.4616127303406,482,12,26307
951,Instagram,273.7286438037923,45,37,31835
952,LinkedIn,328.0312580905462,222,42,12064
953,Google,441.0072430154232,423,17,12312
954,LinkedIn,306.77438598747335,417,37,38548
955,Instagram,63.67417686357659,373,48,37945
956,Instagram,468.92691297814,115,39,48937
957,LinkedIn,360.2870379642025,423,28,7476
958,Google,354.4310235997609,351,41,25565
959,Facebook,147.0538185789727,229,35,3382
960,Instagram,346.49846160469576,400,47,23463
961,Google,227.2389825443713,172,48,46276
962,Google,343.05483966867143,448,18,34402
963,Facebook,97.96686363859583,229,14,27345
964,Instagram,346.0303870713662,279,35,45764
965,Instagram,499.73617659679996,129,44,27946
966,Google,71.69541748725021,403,41,15162
967,Google,489.72838289959276,345,7,47773
968,Facebook,233.10858232529176,409,41,9397
969,Facebook,441.8390526517666,191,13,23335
970,Instagram,402.07346782622307,488,18,46095
971,LinkedIn,305.1573174440005,115,37,15394
972,Instagram,382.30214416309695,226,13,28197
973,Google,445.3320025856066,214,36,23010
974,Instagram,231.86314474296483,79,31,25123
975,LinkedIn,197.16492270345742,53,2,23387
976,Facebook,350.4170235036131,338,16,3890
977,LinkedIn,413.53067387356634,310,9,28769
978,LinkedIn,393.0283106494771,237,9,44626
979,LinkedIn,409.0161419863855,193,38,9026
980,Facebook,246.01249166581985,116,11,4306
981,LinkedIn,418.0253972787597,93,22,34665
982,LinkedIn,104.09407491677379,347,33,10277
983,LinkedIn,295.0200940823823,259,36,43239
984,Google,52.591397224154704,372,45,48664
985,LinkedIn,196.06362345512164,450,23,49008
986,Facebook,214.90769069212905,30,45,15683
987,LinkedIn,228.27771122416493,205,45,1670
988,LinkedIn,362.960243010438,187,34,24675
989,Facebook,224.8511455716556,426,9,18889
990,LinkedIn,251.9121301801388,484,24,45535
991,Facebook,156.89485889344735,16,8,14006
992,LinkedIn,217.96330623320304,79,7,49536
993,Facebook,152.27133226841818,136,36,27531
994,LinkedIn,82.93816569579964,408,18,22639
995,LinkedIn,321.55186702162007,475,3,17633
996,Google,350.69575934975734,169,28,35660
997,Google,328.77065570432654,257,6,4439
998,LinkedIn,258.57231971025755,212,44,33172
999,LinkedIn,220.90360108065343,157,44,36622
1000,Instagram,438.50014230732137,481,21,12577
